Model,F1_Mean,F1_Std
RandomForest,0.037924036747566156,0.03384926446156511
DecisionTree,0.22363533012727937,0.040675469304531475
